title,readers,suggested,minimum
Platform Strategy Innovation Through Harmonization,"2,258",26,16
CCIE Service Provider Version 4 Written and Lab Exam Comprehensive Guide,879,300,200
The Hundred-Page Machine Learning Book,0,40,20
"OpenIntro Statistics Includes 1st, 2nd, 3rd, and 4th Editions","385,558",15,0
CCIE SP v5.0 Service Provider workbook,333,450,450
Rector - The Power of Automated Refactoring,0,49,49
Modern frontends with htmx Use htmx with Spring Boot and Thymeleaf to build dynamic and interactive web application,0,34.99,34.99
C++23 Best Practices,128,14.99,7.99
Least Squares & Regression: The Basics Using R (2nd Edition),0,30,25
"A Guide to Artificial Intelligence in Healthcare Medical Professionals, A.I. And The Art Of Medicine.","2,976",24.9,21.49
Machine Learning Engineering,0,40,20
